{
  "shopId": 65918730353,
  "apiClientId": 304314318849,
  "payload": {
    "export": "cart-payment-methods-transform-run",
    "input": {
      "cart": {
        "lines": [
          {
            "attribute": {
              "value": "one-time-purchase"
            }
          }
        ]
      },
      "paymentMethods": [
        {
          "id": "gid://shopify/PaymentCustomizationPaymentMethod/0",
          "name": "Deferred"
        },
        {
          "id": "gid://shopify/PaymentCustomizationPaymentMethod/1",
          "name": "(for testing) Bogus Gateway"
        },
        {
          "id": "gid://shopify/PaymentCustomizationPaymentMethod/2",
          "name": "Stripe shared token"
        },
        {
          "id": "gid://shopify/PaymentCustomizationPaymentMethod/3",
          "name": "Cash on Delivery (COD)"
        },
        {
          "id": "gid://shopify/PaymentCustomizationPaymentMethod/4",
          "name": "Gift card"
        }
      ],
      "shop": {
        "metafield": {
          "jsonValue": {
            "hide_cod_for_subscription": true,
            "rename_bogus_for_otp": true
          }
        }
      }
    },
    "inputBytes": 533,
    "output": {
      "operations": [
        {
          "paymentMethodRename": {
            "paymentMethodId": "gid://shopify/PaymentCustomizationPaymentMethod/1",
            "name": "Bogus Gateway"
          }
        }
      ]
    },
    "outputBytes": 121,
    "logs": [
      "=== Payment Customization Function Running ===",
      "Config: {\"hide_cod_for_subscription\":true,\"rename_bogus_for_otp\":true}",
      "Hide COD enabled: true",
      "Rename Bogus enabled: true",
      "Line purchase type: one-time-purchase",
      "Has subscription: false",
      "Has only OTP: true",
      "✏️ Applying Rule 2: Rename Bogus Gateway for OTP",
      "✅ Renaming payment method: (for testing) Bogus Gateway → Bogus Gateway",
      "Total operations: 1",
      "=== Function Complete ==="
    ],
    "functionId": "019b3b5f-3d2c-77d9-8018-f8d8f6ad8609",
    "fuelConsumed": 401653,
    "target": "cart.payment-methods.transform.run"
  },
  "logType": "function_run",
  "status": "success",
  "source": "payment-customization",
  "sourceNamespace": "extensions",
  "logTimestamp": "2025-12-23T04:39:30.791496Z",
  "localTime": "2025-12-23 10:09:30",
  "storeName": "purchase-9870.myshopify.com"
}