{
  "shopId": 65918730353,
  "apiClientId": 304314318849,
  "payload": {
    "export": "cart-payment-methods-transform-run",
    "input": {
      "cart": {
        "lines": [
          {
            "attribute": {
              "value": "subscription"
            }
          }
        ]
      },
      "paymentMethods": [
        {
          "id": "gid://shopify/PaymentCustomizationPaymentMethod/0",
          "name": "Deferred"
        },
        {
          "id": "gid://shopify/PaymentCustomizationPaymentMethod/1",
          "name": "(for testing) Bogus Gateway"
        },
        {
          "id": "gid://shopify/PaymentCustomizationPaymentMethod/2",
          "name": "Stripe shared token"
        },
        {
          "id": "gid://shopify/PaymentCustomizationPaymentMethod/3",
          "name": "Cash on Delivery (COD)"
        },
        {
          "id": "gid://shopify/PaymentCustomizationPaymentMethod/4",
          "name": "Gift card"
        }
      ],
      "shop": {
        "metafield": {
          "jsonValue": {
            "hide_cod_for_subscription": true,
            "rename_bogus_for_otp": true
          }
        }
      }
    },
    "inputBytes": 528,
    "output": {
      "operations": [
        {
          "paymentMethodHide": {
            "paymentMethodId": "gid://shopify/PaymentCustomizationPaymentMethod/3"
          }
        }
      ]
    },
    "outputBytes": 100,
    "logs": [
      "Config: {\"hide_cod_for_subscription\":true,\"rename_bogus_for_otp\":true}"
    ],
    "functionId": "019b3b5f-3d2c-77d9-8018-f8d8f6ad8609",
    "fuelConsumed": 332727,
    "target": "cart.payment-methods.transform.run"
  },
  "logType": "function_run",
  "status": "success",
  "source": "payment-customization",
  "sourceNamespace": "extensions",
  "logTimestamp": "2025-12-23T08:50:41.211895Z",
  "localTime": "2025-12-23 14:20:41",
  "storeName": "purchase-9870.myshopify.com"
}