{
  "shopId": 65918730353,
  "apiClientId": 304314318849,
  "payload": {
    "export": "cart-payment-methods-transform-run",
    "input": {
      "cart": {
        "lines": [
          {
            "attribute": null
          }
        ]
      },
      "paymentMethods": [
        {
          "id": "gid://shopify/PaymentCustomizationPaymentMethod/0",
          "name": "Deferred"
        },
        {
          "id": "gid://shopify/PaymentCustomizationPaymentMethod/1",
          "name": "(for testing) Bogus Gateway"
        },
        {
          "id": "gid://shopify/PaymentCustomizationPaymentMethod/2",
          "name": "Stripe shared token"
        },
        {
          "id": "gid://shopify/PaymentCustomizationPaymentMethod/3",
          "name": "Cash on Delivery (COD)"
        },
        {
          "id": "gid://shopify/PaymentCustomizationPaymentMethod/4",
          "name": "Gift card"
        }
      ],
      "paymentCustomization": {
        "metafield": null
      }
    },
    "inputBytes": 465,
    "output": {
      "operations": []
    },
    "outputBytes": 13,
    "logs": [
      "=== FUNCTION START ===",
      "Full input: {",
      "  \"cart\": {",
      "    \"lines\": [",
      "      {",
      "        \"attribute\": null",
      "      }",
      "    ]",
      "  },",
      "  \"paymentMethods\": [",
      "    {",
      "      \"id\": \"gid://shopify/PaymentCustomizationPaymentMethod/0\",",
      "      \"name\": \"Deferred\"",
      "    },",
      "    {",
      "      \"id\": \"gid://shopify/PaymentCustomizationPaymentMethod/1\",",
      "      \"name\": \"(for testing) Bogus Gateway\"",
      "    },",
      "    {",
      "      \"id\": \"gid://shopify/PaymentCustomizationPaymentMethod/2\",",
      "      \"name\": \"Stripe shared token\"",
      "    },",
      "    {",
      "      \"id\": \"gid://shopify/PaymentCustomizationPaymentMethod/3\",",
      "      \"name\": \"Cash on Delivery (COD)\"",
      "    },",
      "    {",
      "      \"id\": \"gid://shopify/PaymentCustomizationPaymentMethod/4\",",
      "      \"name\": \"Gift card\"",
      "    }",
      "  ],",
      "  \"paymentCustomization\": {",
      "    \"metafield\": null",
      "  }",
      "}",
      "Config: {}",
      "Hide COD enabled: false",
      "Rename Bogus enabled: false",
      "Line purchase type: undefined",
      "Has subscription: false",
      "Has only OTP: false",
      "Total operations: 0",
      "=== FUNCTION END ==="
    ],
    "functionId": "019b3b5f-3d2c-77d9-8018-f8d8f6ad8609",
    "fuelConsumed": 480260,
    "target": "cart.payment-methods.transform.run"
  },
  "logType": "function_run",
  "status": "success",
  "source": "payment-customization",
  "sourceNamespace": "extensions",
  "logTimestamp": "2025-12-22T12:33:45.474243Z",
  "localTime": "2025-12-22 18:03:45",
  "storeName": "purchase-9870.myshopify.com"
}