{
  "shopId": 65918730353,
  "apiClientId": 304314318849,
  "payload": {
    "export": "cart-payment-methods-transform-run",
    "input": {
      "cart": {
        "lines": [
          {
            "attribute": {
              "value": "subscription"
            }
          }
        ]
      },
      "paymentMethods": [
        {
          "id": "gid://shopify/PaymentCustomizationPaymentMethod/0",
          "name": "Deferred"
        },
        {
          "id": "gid://shopify/PaymentCustomizationPaymentMethod/1",
          "name": "(for testing) Bogus Gateway"
        },
        {
          "id": "gid://shopify/PaymentCustomizationPaymentMethod/2",
          "name": "Stripe shared token"
        },
        {
          "id": "gid://shopify/PaymentCustomizationPaymentMethod/3",
          "name": "Cash on Delivery (COD)"
        },
        {
          "id": "gid://shopify/PaymentCustomizationPaymentMethod/4",
          "name": "Gift card"
        }
      ],
      "paymentCustomization": {
        "metafield": null
      }
    },
    "inputBytes": 484,
    "output": {
      "operations": []
    },
    "outputBytes": 13,
    "logs": [
      "=== Payment Customization Function Running ===",
      "Config: {}",
      "Hide COD enabled: false",
      "Rename Bogus enabled: false",
      "Line purchase type: subscription",
      "Has subscription: true",
      "Has only OTP: false",
      "Total operations: 0",
      "=== Function Complete ==="
    ],
    "functionId": "019b3b5f-3d2c-77d9-8018-f8d8f6ad8609",
    "fuelConsumed": 307980,
    "target": "cart.payment-methods.transform.run"
  },
  "logType": "function_run",
  "status": "success",
  "source": "payment-customization",
  "sourceNamespace": "extensions",
  "logTimestamp": "2025-12-23T04:35:04.422158Z",
  "localTime": "2025-12-23 10:05:04",
  "storeName": "purchase-9870.myshopify.com"
}